hour,pred,drowning
0.041666667,0,0
0.083333333,0,0
0.125,0,0
0.166666667,0,0
0.208333333,0,0
0.25,0,0
0.291666667,0,0
0.333333333,0,0
0.375,0,0
0.416666667,0,0
0.458333333,0,0
0.5,0,0
0.541666667,0,0
0.583333333,0,0
0.625,0,0
0.666666667,0,0
0.708333333,0,0
0.75,0,0
0.791666667,0,0
0.833333333,0,0
0.875,0,0
0.916666667,0,0
0.958333333,0,0
1,0,0
0.041666667,0,0
0.083333333,0,0
0.125,0,0
0.166666667,0,0
0.208333333,0,0
0.25,0,0
0.291666667,0,0
0.333333333,0,0
0.375,0,0
0.416666667,0,0
0.458333333,0,0
0.5,0,0
0.541666667,0,0
0.583333333,0,0
0.625,0.121653836,0
0.666666667,0,0
0.708333333,0,0
0.75,0,0
0.791666667,0,0
0.833333333,0,0
0.875,0,0
0.916666667,0,0
0.958333333,0,0
1,0,0
0.041666667,0,0
0.083333333,0,0
0.125,0,0
0.166666667,0,0
0.208333333,0,0
0.25,0,0
0.291666667,0,0
0.333333333,0,0
0.375,0,0
0.416666667,0,0
0.458333333,0,0
0.5,0,0
0.541666667,0,0
0.583333333,0,0
0.625,0,0
0.666666667,0,0
0.708333333,0,0
0.75,0,0
0.791666667,0,0
0.833333333,0,0
0.875,0,0
0.916666667,0,0
0.958333333,0,0
1,0,0
0.041666667,0,0
0.083333333,0,0
0.125,0,0
0.166666667,0,0
0.208333333,0,0
0.25,0,0
0.291666667,0,0
0.333333333,0,0
0.375,0,0
0.416666667,0,0
0.458333333,0,0
0.5,0,0
0.541666667,0,0
0.583333333,0,0
0.625,0,0
0.666666667,0,0
0.708333333,0,0
0.75,0,0
0.791666667,0,0
0.833333333,0,0
0.875,0,0
0.916666667,0,0
0.958333333,0,0
1,0,0
0.041666667,0,0
0.083333333,0,0
0.125,0,0
0.166666667,0,0
0.208333333,0,0
0.25,0,0
0.291666667,0,0
0.333333333,0,0
0.375,0,0
0.416666667,0,0
0.458333333,0,0
0.5,0,0
0.541666667,0,0
0.583333333,0,0
0.625,0,0
0.666666667,0,0
0.708333333,0,0
0.75,0,0
0.791666667,0,0
0.833333333,0,0
0.875,0,0
0.916666667,0,0
0.958333333,0,0
1,0,0
0.041666667,0,0
0.083333333,0,0
0.125,0,0
0.166666667,0,0
0.208333333,0,0
0.25,0,0
0.291666667,0,0
0.333333333,0,0
0.375,0,0
0.416666667,0,0
0.458333333,0,0
0.5,0,0
0.541666667,0,0
0.583333333,0,0
0.625,0,0
0.666666667,0.34577311,0
0.708333333,0,0
0.75,0,0
0.791666667,0,0
0.833333333,0,0
0.875,0,0
0.916666667,0,0
0.958333333,0,0
1,0,0
0.041666667,0,0
0.083333333,0,0
0.125,0,0
0.166666667,0,0
0.208333333,0,0
0.25,0,0
0.291666667,0,0
0.333333333,0,0
0.375,0,0
0.416666667,0,0
0.458333333,0,0
0.5,0,0
0.541666667,0,0
0.583333333,0,0
0.625,0,0
0.666666667,0,0
0.708333333,0,0
0.75,0,0
0.791666667,0,0
0.833333333,0,0
0.875,0,0
0.916666667,0,0
0.958333333,0,0
1,0,0
0.041666667,0,0
0.083333333,0,0
0.125,0,0
0.166666667,0,0
0.208333333,0,0
0.25,0,0
0.291666667,0,0
0.333333333,0,0
0.375,0,0
0.416666667,0,0
0.458333333,0,0
0.5,0,0
0.541666667,0,0
0.583333333,0,0
0.625,0,0
0.666666667,0,0
0.708333333,0,0
0.75,0,0
0.791666667,0,0
0.833333333,0,0
0.875,0,0
0.916666667,0,0
0.958333333,0,0
1,0,0
0.041666667,0,0
0.083333333,0,0
0.125,0,0
0.166666667,0,0
0.208333333,0,0
0.25,0,0
0.291666667,0,0
0.333333333,0,0
0.375,0,0
0.416666667,0,0
0.458333333,0,0
0.5,0,0
0.541666667,0,0
0.583333333,0,0
0.625,0,0
0.666666667,0,0
0.708333333,0,0
0.75,0,0
0.791666667,0,0
0.833333333,0,0
0.875,0,0
0.916666667,0,0
0.958333333,0,0
1,0,0
0.041666667,0,0
0.083333333,0,0
0.125,0,0
0.166666667,0,0
0.208333333,0,0
0.25,0,0
0.291666667,0,0
0.333333333,0,0
0.375,0,0
0.416666667,0,0
0.458333333,0,0
0.5,0,0
0.541666667,0,0
0.583333333,0,0
0.625,0,0
0.666666667,0,0
0.708333333,0,0
0.75,0,0
0.791666667,0,0
0.833333333,0,0
0.875,0,0
0.916666667,0,0
0.958333333,0,0
1,0,0
0.041666667,0,0
0.083333333,0,0
0.125,0,0
0.166666667,0,0
0.208333333,0,0
0.25,0,0
0.291666667,0,0
0.333333333,0,0
0.375,0,0
0.416666667,0,0
0.458333333,0,0
0.5,0,0
0.541666667,0,0
0.583333333,0,0
0.625,0,0
0.666666667,0,0
0.708333333,0,0
0.75,0,0
0.791666667,0,0
0.833333333,0,0
0.875,0,0
0.916666667,0,0
0.958333333,0,0
1,0,0
0.041666667,0,0
0.083333333,0,0
0.125,0,0
0.166666667,0,0
0.208333333,0,0
0.25,0,0
0.291666667,0,0
0.333333333,0,0
0.375,0,0
0.416666667,0,0
0.458333333,0,0
0.5,0,0
0.541666667,0,0
0.583333333,0,0
0.625,0,0
0.666666667,0,0
0.708333333,0,0
0.75,0,0
0.791666667,0,0
0.833333333,0,0
0.875,0,0
0.916666667,0,0
0.958333333,0,0
1,0,0
0.041666667,0,0
0.083333333,0,0
0.125,0,0
0.166666667,0,0
0.208333333,0,0
0.25,0,0
0.291666667,0,0
0.541666667,0,0
0.583333333,0,0
0.625,0,0
0.666666667,0,0
0.708333333,0,0
0.75,0,0
0.791666667,0,0
0.833333333,0,0
0.875,0,0
0.916666667,0,0
0.958333333,0,0
1,0,0
0.041666667,0,0
0.083333333,0,0
0.125,0,0
0.166666667,0,0
0.208333333,0,0
0.25,0,0
0.291666667,0,0
0.333333333,0,0
0.375,0,0
0.416666667,0,0
0.458333333,0,0
0.5,0,0
0.541666667,0,0
0.583333333,0,0
0.625,0,0
0.666666667,0,0
0.708333333,0,0
0.75,0,0
0.791666667,0,0
0.833333333,0,0
0.875,0,0
0.916666667,0,0
0.958333333,0,0
1,0,0
0.041666667,0,0
0.083333333,0,0
0.125,0,0
0.166666667,0,0
0.208333333,0,0
0.25,0,0
0.291666667,0,0
0.333333333,0,0
0.375,0,0
0.416666667,0,0
0.458333333,0,0
0.5,0,0
0.541666667,0,0
0.583333333,0,0
0.625,0,0
0.666666667,0,0
0.708333333,0,0
0.75,0,0
0.791666667,0,0
0.833333333,0,0
0.875,0,0
0.916666667,0,0
0.958333333,0,0
1,0,0
0.041666667,0,0
0.083333333,0,0
0.125,0,0
0.166666667,0,0
0.208333333,0,0
0.25,0,0
0.291666667,0,0
0.333333333,0,0
0.375,0,0
0.416666667,0,0
0.458333333,0,0
0.5,0,0
0.541666667,0,0
0.583333333,0,0
0.625,0,0
0.666666667,0,0
0.708333333,0,0
0.75,0,0
0.791666667,0,0
0.833333333,0,0
0.875,0,0
0.916666667,0,0
0.958333333,0,0
1,0,0
0.041666667,0,0
0.083333333,0,0
0.125,0,0
0.166666667,0,0
0.208333333,0,0
0.25,0,0
0.291666667,0,0
0.333333333,0,0
0.375,0,0
0.416666667,0,0
0.458333333,0,0
0.5,0,0
0.541666667,0,0
0.583333333,0,0
0.625,0,0
0.666666667,0,0
0.708333333,0,0
0.75,0,0
0.791666667,0,0
0.833333333,0,0
0.875,0,0
0.916666667,0,0
0.958333333,0,0
1,0,0
0.041666667,0,0
0.083333333,0,0
0.125,0,0
0.166666667,0,0
0.208333333,0,0
0.25,0,0
0.291666667,0,0
0.333333333,0,0
0.375,0,0
0.416666667,0,0
0.458333333,0,0
0.5,0,0
0.541666667,0,0
0.583333333,0,0
0.625,0,0
0.666666667,0,0
0.708333333,0,0
0.75,0,0
0.791666667,0,0
0.833333333,0,0
0.875,0,0
0.916666667,0,0
0.958333333,0,0
1,0,0
0.041666667,0,0
0.083333333,0,0
0.125,0,0
0.166666667,0,0
0.208333333,0,0
0.25,0,0
0.291666667,0,0
0.333333333,0,0
0.375,0,0
0.416666667,0,0
0.458333333,0,0
0.5,0,0
0.541666667,0,0
0.583333333,0,0
0.625,0,0
0.666666667,0,0
0.708333333,0,0
0.75,0,0
0.791666667,0,0
0.833333333,0,0
0.875,0,0
0.916666667,0,0
0.958333333,0,0
1,0,0
0.041666667,0,0
0.083333333,0,0
0.125,0,0
0.166666667,0,0
0.208333333,0,0
0.25,0,0
0.291666667,0,0
0.333333333,0,0
0.375,0,0
0.416666667,0,0
0.458333333,0,0
0.5,0,0
0.541666667,0,0
0.583333333,0,0
0.625,0,0
0.666666667,0,0
0.708333333,0,0
0.75,0,0
0.791666667,0,0
0.833333333,0,0
0.875,0,0
0.916666667,0,0
0.958333333,0,0
1,0,0
0.041666667,0,0
0.083333333,0,0
0.125,0,0
0.166666667,0,0
0.208333333,0,0
0.25,0,0
0.291666667,0,0
0.333333333,0,0
0.375,0,0
0.416666667,0,0
0.458333333,0,0
0.5,0,0
0.541666667,0,0
0.583333333,0,0
0.625,0,0
0.666666667,0,0
0.708333333,0,0
0.75,0,0
0.791666667,0,0
0.833333333,0,0
0.875,0,0
0.916666667,0,0
0.958333333,0,0
1,0,0
0.041666667,0,0
0.083333333,0,0
0.125,0,0
0.166666667,0,0
0.208333333,0,0
0.25,0,0
0.291666667,0,0
0.333333333,0,0
0.375,0,0
0.416666667,0,0
0.458333333,0,0
0.5,0,0
0.541666667,0,0
0.583333333,0,0
0.625,0,0
0.666666667,0,0
0.708333333,0,0
0.75,0,0
0.791666667,0,0
0.833333333,0,0
0.875,0,0
0.916666667,0,0
0.958333333,0,1
1,0,0
0.041666667,0,0
0.083333333,0,0
0.125,0,0
0.166666667,0,0
0.208333333,0,0
0.25,0,0
0.291666667,0,0
0.333333333,0,0
0.375,0,0
0.416666667,0,0
0.458333333,0,0
0.5,0,0
0.541666667,0,0
0.583333333,0,0
0.625,0,0
0.666666667,0,0
0.708333333,0,0
0.75,0,0
0.791666667,0,0
0.833333333,0,0
0.875,0,0
0.916666667,0,0
0.958333333,0,0
1,0,0
0.041666667,0,0
0.083333333,0,0
0.125,0,0
0.166666667,0,0
0.208333333,0,0
0.25,0,0
0.291666667,0,0
0.333333333,0,0
0.375,0,0
0.416666667,0,0
0.458333333,0,0
0.5,0,0
0.541666667,0,0
0.583333333,0,0
0.625,0,0
0.666666667,0,0
0.708333333,0,0
0.75,0,0
0.791666667,0,0
0.833333333,0,0
0.875,0,0
0.916666667,0,0
0.958333333,0,0
1,0,0
0.041666667,0,0
0.083333333,0,0
0.125,0,0
0.166666667,0,0
0.208333333,0,0
0.25,0,0
0.291666667,0,0
0.333333333,0,0
0.375,0,0
0.416666667,0,0
0.458333333,0,0
0.5,0,0
0.541666667,0,0
0.583333333,0,0
0.625,0,0
0.666666667,0,0
0.708333333,0,0
0.75,0,0
0.791666667,0,0
0.833333333,0,0
0.875,0,0
0.916666667,0,0
0.958333333,0,0
1,0,0
0.041666667,0,0
0.083333333,0,0
0.125,0,0
0.166666667,0,0
0.208333333,0,0
0.25,0,0
0.291666667,0,0
0.333333333,0,0
0.375,0,0
0.416666667,0,0
0.458333333,0,0
0.5,0,0
0.541666667,0,0
0.583333333,0,0
0.625,0,0
0.666666667,0,0
0.708333333,0,0
0.75,0,0
0.791666667,0,0
0.833333333,0,0
0.875,0,0
0.916666667,0,0
0.958333333,0,0
1,0,0
0.041666667,0,0
0.083333333,0,0
0.125,0,0
0.166666667,0,0
0.208333333,0,0
0.25,0,0
0.291666667,0,0
0.333333333,0,0
0.375,0,0
0.416666667,0,0
0.458333333,0,0
0.5,0,0
0.541666667,0,0
0.583333333,0,0
0.625,0,0
0.666666667,0,0
0.708333333,0,0
0.75,0,0
0.791666667,0,0
0.833333333,0,0
0.875,0,0
0.916666667,0,0
0.958333333,0,0
1,0,0
0.041666667,0,0
0.083333333,0,0
0.125,0,0
0.166666667,0,0
0.208333333,0,0
0.25,0,0
0.291666667,0,0
0.333333333,0,0
0.375,0,0
0.416666667,0,0
0.458333333,0,0
0.5,0,0
0.541666667,0,0
0.583333333,0,0
0.625,0,0
0.666666667,0,0
0.708333333,0,0
0.75,0.560813891,1
0.791666667,0,0
0.833333333,0,0
0.875,0,0
0.916666667,0,0
0.958333333,0,0
1,0,0
0.041666667,0,0
0.083333333,0,0
0.125,0,0
0.166666667,0,0
0.208333333,0,0
0.25,0,0
0.291666667,0,0
0.333333333,0,0
0.375,0,0
0.416666667,0,0
0.458333333,0,0
0.541666667,0,0
0.583333333,0,0
0.625,0.078185698,0
0.666666667,0,0
0.708333333,0,0
0.75,0.268069331,0
0.791666667,0,0
0.833333333,0,0
0.875,0,0
0.916666667,0,0
0.958333333,0,0
1,0,0
0.041666667,0,0
0.083333333,0,0
0.125,0,0
0.166666667,0,0
0.208333333,0,0
0.25,0,0
0.291666667,0,0
0.333333333,0,0
0.375,0,0
0.416666667,0,0
0.458333333,0,0
0.5,0,0
0.541666667,0,0
0.583333333,0.025326797,0
0.625,0.560813891,1
0.666666667,0.259570955,0
0.708333333,0,0
0.75,0,0
0.791666667,0,0
0.833333333,0,0
0.875,0,0
0.916666667,0,0
0.958333333,0,0
1,0,0
0.041666667,0,0
0.083333333,0,0
0.125,0,0
0.166666667,0,0
0.208333333,0,0
0.25,0,0
0.291666667,0,0
0.333333333,0,0
0.375,0,0
0.416666667,0,0
0.458333333,0,0
0.5,0,0
0.541666667,0,0
0.583333333,0,0
0.625,0,0
0.666666667,0,0
0.708333333,0,0
0.75,0,0
0.791666667,0,0
0.833333333,0,0
0.875,0,0
0.916666667,0,0
0.958333333,0,0
1,0,0
0.041666667,0,0
0.083333333,0,0
0.125,0,0
0.166666667,0,0
0.208333333,0,0
0.25,0,0
0.291666667,0,0
0.333333333,0,0
0.375,0,0
0.416666667,0,0
0.458333333,0,0
0.5,0,0
0.541666667,0,0
0.625,0,0
0.666666667,0.074897338,0
0.708333333,0.267649729,0
0.75,0.101133778,0
0.791666667,0,0
0.833333333,0,0
0.875,0,0
0.916666667,0,0
0.958333333,0,0
1,0,0
0.041666667,0,0
0.083333333,0,0
0.125,0,0
0.166666667,0,0
0.208333333,0,0
0.25,0,0
0.291666667,0,0
0.333333333,0,0
0.375,0,0
0.416666667,0,0
0.458333333,0,0
0.5,0.015752033,0
0.541666667,0,0
0.583333333,0,0
0.625,0,0
0.666666667,0,0
0.708333333,0.015752033,0
0.75,0.030948111,0
0.791666667,0,0
0.833333333,0,0
0.875,0,0
0.916666667,0,0
0.958333333,0,0
1,0,0
0.041666667,0,0
0.083333333,0,0
0.125,0,0
0.166666667,0,0
0.208333333,0,0
0.25,0,0
0.291666667,0,0
0.333333333,0,0
0.375,0,0
0.416666667,0,0
0.458333333,0,0
0.5,0,0
0.541666667,0,0
0.583333333,0,0
0.625,0,0
0.666666667,0,0
0.708333333,0.018995098,0
0.75,0.017454955,0
0.791666667,0,0
0.833333333,0,0
0.875,0,0
0.916666667,0,0
0.958333333,0,0
1,0,0
0.041666667,0,0
0.083333333,0,0
0.125,0,0
0.166666667,0,0
0.208333333,0,0
0.25,0,0
0.291666667,0,0
0.333333333,0,0
0.375,0,0
0.416666667,0,0
0.458333333,0,0
0.5,0,0
0.541666667,0,0
0.583333333,0,0
0.625,0,0
0.666666667,0,0
0.708333333,0,0
0.75,0,0
0.791666667,0,0
0.833333333,0,0
0.875,0,0
0.916666667,0,0
0.958333333,0,0
1,0,0
0.041666667,0,0
0.083333333,0,0
0.125,0,0
0.166666667,0,0
0.208333333,0,0
0.25,0,0
0.291666667,0,0
0.333333333,0,0
0.375,0,0
0.416666667,0,0
0.458333333,0,0
0.5,0,0
0.541666667,0,0
0.583333333,0,0
0.625,0,0
0.666666667,0,0
0.708333333,0,0
0.75,0,0
0.791666667,0,0
0.833333333,0,0
0.875,0,0
0.916666667,0,0
0.958333333,0,0
1,0,0
0.041666667,0,0
0.083333333,0,0
0.125,0,0
0.166666667,0,0
0.208333333,0,0
0.25,0,0
0.291666667,0,0
0.333333333,0,0
0.375,0,0
0.416666667,0,0
0.458333333,0,0
0.5,0,0
0.541666667,0,0
0.583333333,0,0
0.625,0,0
0.666666667,0,0
0.708333333,0,0
0.75,0,0
0.791666667,0,0
0.833333333,0,0
0.875,0,0
0.916666667,0,0
0.958333333,0,0
1,0,0
0.041666667,0,0
0.083333333,0,0
0.125,0,0
0.166666667,0,0
0.208333333,0,0
0.25,0,0
0.291666667,0,0
0.333333333,0,0
0.375,0,0
0.416666667,0,0
0.458333333,0,0
0.5,0,0
0.541666667,0,0
0.583333333,0,0
0.625,0,0
0.666666667,0.026909722,0
0.708333333,0,0
0.75,0,0
0.791666667,0,0
0.833333333,0,0
0.875,0,0
0.916666667,0,0
0.958333333,0,0
1,0,0
0.041666667,0,0
0.083333333,0,0
0.125,0,0
0.166666667,0,0
0.208333333,0,0
0.25,0,0
0.291666667,0,0
0.333333333,0,0
0.375,0,0
0.416666667,0,0
0.458333333,0,0
0.5,0,0
0.541666667,0,0
0.583333333,0,0
0.625,0,0
0.666666667,0,0
0.708333333,0,0
0.75,0,0
0.791666667,0,0
0.833333333,0,0
0.875,0,0
0.916666667,0,0
0.958333333,0,0
1,0,0
0.041666667,0,0
0.083333333,0,0
0.125,0,0
0.166666667,0,0
0.208333333,0,0
0.25,0,0
0.291666667,0,0
0.333333333,0,0
0.375,0,0
0.416666667,0,0
0.458333333,0,0
0.5,0,0
0.541666667,0,0
0.583333333,0,0
0.625,0,0
0.666666667,0,0
0.708333333,0,0
0.75,0,0
0.791666667,0,0
0.833333333,0,0
0.875,0,0
0.916666667,0,0
0.958333333,0,0
1,0,0
0.041666667,0,0
0.083333333,0,1
0.125,0,0
0.166666667,0,0
0.208333333,0,0
0.25,0,0
0.291666667,0,0
0.333333333,0,0
0.375,0,0
0.416666667,0,0
0.458333333,0,0
0.5,0,0
0.541666667,0,0
0.583333333,0,0
0.625,0,0
0.666666667,0.030753968,0
0.708333333,0.431873432,0
0.75,0.026909722,0
0.791666667,0,0
0.833333333,0,0
0.875,0,0
0.916666667,0,0
0.958333333,0,0
1,0,0
0.041666667,0,0
0.083333333,0,0
0.125,0,0
0.166666667,0,0
0.208333333,0,0
0.25,0,0
0.291666667,0,0
0.333333333,0,0
0.375,0,0
0.416666667,0,0
0.458333333,0,0
0.5,0,0
0.541666667,0,0
0.583333333,0,0
0.625,0.018995098,0
0.666666667,0,0
0.708333333,0,0
0.75,0,0
0.791666667,0,0
0.833333333,0,0
0.875,0,0
0.916666667,0,0
0.958333333,0,0
1,0,0
0.041666667,0,0
0.083333333,0,0
0.125,0,0
0.166666667,0,0
0.208333333,0,0
0.25,0,0
0.291666667,0,0
0.333333333,0,0
0.375,0,0
0.416666667,0,0
0.458333333,0,0
0.5,0,0
0.541666667,0,0
0.583333333,0,0
0.625,0,0
0.666666667,0,0
0.708333333,0,0
0.75,0.560813891,1
0.791666667,0,0
0.833333333,0,0
0.875,0,0
0.916666667,0,0
0.958333333,0,0
1,0,0
0.041666667,0,0
0.083333333,0,0
0.125,0,0
0.166666667,0,0
0.208333333,0,0
0.25,0,0
0.291666667,0,0
0.333333333,0,0
0.375,0,0
0.416666667,0,0
0.458333333,0,0
0.5,0,0
0.541666667,0,0
0.583333333,0,0
0.625,0,0
0.666666667,0.560813891,1
0.708333333,0,0
0.75,0.560813891,0
0.791666667,0,0
0.833333333,0,0
0.875,0,0
0.916666667,0,0
0.958333333,0,0
1,0,0
0.041666667,0,0
0.083333333,0,0
0.125,0,0
0.166666667,0,0
0.208333333,0,0
0.25,0,0
0.291666667,0,0
0.333333333,0,0
0.375,0,0
0.416666667,0,0
0.458333333,0,0
0.5,0,0
0.541666667,0,0
0.583333333,0,0
0.625,0,0
0.666666667,0.018995098,0
0.708333333,0.034747131,0
0.75,0.107615819,0
0.791666667,0,0
0.833333333,0,0
0.875,0,0
0.916666667,0,0
0.958333333,0,0
1,0,0
0.041666667,0,0
0.083333333,0,0
0.125,0,0
0.166666667,0,0
0.208333333,0,0
0.25,0,0
0.291666667,0,0
0.333333333,0,0
0.375,0,0
0.416666667,0,0
0.458333333,0,0
0.5,0,0
0.541666667,0,0
0.583333333,0,0
0.625,0,0
0.666666667,0,0
0.708333333,0,0
0.75,0,0
0.791666667,0,0
0.833333333,0,0
0.875,0,0
0.916666667,0,0
0.958333333,0,0
1,0,0
0.041666667,0,0
0.083333333,0,0
0.125,0,0
0.166666667,0,0
0.208333333,0,0
0.25,0,0
0.291666667,0,0
0.333333333,0,0
0.375,0,0
0.416666667,0,0
0.458333333,0,0
0.5,0,0
0.541666667,0,0
0.583333333,0,0
0.625,0,0
0.666666667,0,0
0.708333333,0,0
0.75,0,0
0.791666667,0,0
0.833333333,0,0
0.875,0,0
0.916666667,0,0
0.958333333,0,0
1,0,0
0.041666667,0,0
0.083333333,0,0
0.125,0,0
0.166666667,0,0
0.208333333,0,0
0.25,0,0
0.291666667,0,0
0.333333333,0,0
0.375,0,0
0.416666667,0,0
0.458333333,0,0
0.5,0,0
0.541666667,0,0
0.583333333,0,0
0.625,0,0
0.666666667,0.110588545,0
0.708333333,0.016995614,0
0.75,0.560813891,1
0.791666667,0,0
0.833333333,0,0
0.875,0,0
0.916666667,0,0
0.958333333,0,0
1,0,0
0.041666667,0,0
0.083333333,0,0
0.125,0,0
0.166666667,0,0
0.208333333,0,0
0.25,0,0
0.291666667,0,0
0.333333333,0,0
0.375,0,0
0.416666667,0,0
0.458333333,0.015752033,0
0.5,0,0
0.541666667,0.015752033,0
0.583333333,0,0
0.625,0,0
0.666666667,0,0
0.708333333,0,0
0.75,0.560813891,1
0.791666667,0,0
0.833333333,0,0
0.875,0,0
0.916666667,0,0
0.958333333,0,0
1,0,0
0.041666667,0,0
0.083333333,0,0
0.125,0,0
0.166666667,0,0
0.208333333,0,0
0.25,0,0
0.291666667,0,0
0.333333333,0,0
0.375,0,0
0.416666667,0,0
0.458333333,0,0
0.5,0,0
0.541666667,0,0
0.583333333,0,0
0.625,0,0
0.666666667,0,0
0.708333333,0,0
0.75,0,0
0.791666667,0,0
0.833333333,0,0
0.875,0,0
0.916666667,0,0
0.958333333,0,0
1,0,0
0.041666667,0,0
0.083333333,0,0
0.125,0,0
0.166666667,0,0
0.208333333,0,0
0.25,0,0
0.291666667,0,0
0.333333333,0,0
0.375,0,0
0.416666667,0,0
0.458333333,0,0
0.5,0,0
0.541666667,0,0
0.583333333,0,0
0.625,0,0
0.666666667,0,0
0.708333333,0,0
0.75,0,0
0.791666667,0,0
0.833333333,0,0
0.875,0,0
0.916666667,0,0
0.958333333,0,0
1,0,0
0.041666667,0,0
0.083333333,0,0
0.125,0,0
0.166666667,0,0
0.208333333,0,0
0.25,0,0
0.291666667,0,0
0.333333333,0,1
0.375,0,0
0.416666667,0,0
0.458333333,0,0
0.5,0,0
0.541666667,0,0
0.583333333,0.560813891,1
0.625,0,0
0.666666667,0,0
0.708333333,0,0
0.75,0,0
0.791666667,0,0
0.833333333,0,0
0.875,0,0
0.916666667,0,0
0.958333333,0,0
1,0,0
0.041666667,0,0
0.083333333,0,0
0.125,0,0
0.166666667,0,0
0.208333333,0,0
0.25,0,0
0.291666667,0,0
0.333333333,0,0
0.375,0,0
0.416666667,0,0
0.458333333,0,0
0.5,0,0
0.541666667,0,0
0.583333333,0,0
0.625,0,0
0.666666667,0,0
0.708333333,0,0
0.75,0,0
0.791666667,0,0
0.833333333,0,0
0.875,0,0
0.916666667,0,0
0.958333333,0,0
1,0,0
0.041666667,0,0
0.083333333,0,0
0.125,0,0
0.166666667,0,0
0.208333333,0,0
0.25,0,0
0.291666667,0,0
0.333333333,0,0
0.375,0,0
0.416666667,0,0
0.458333333,0,0
0.5,0,0
0.541666667,0,0
0.583333333,0,0
0.625,0,0
0.666666667,0,0
0.708333333,0,0
0.75,0,0
0.791666667,0,0
0.833333333,0,0
0.875,0,0
0.916666667,0,0
0.958333333,0,0
1,0,0
0.041666667,0,0
0.083333333,0,0
0.125,0,0
0.166666667,0,0
0.208333333,0,0
0.25,0,0
0.291666667,0,0
0.333333333,0,0
0.375,0,0
0.416666667,0,0
0.458333333,0,0
0.5,0,0
0.541666667,0,0
0.583333333,0,0
0.625,0,0
0.666666667,0,0
0.708333333,0,0
0.75,0,0
0.791666667,0,0
0.833333333,0,0
0.875,0,0
0.916666667,0,0
0.958333333,0,0
1,0,0
0.041666667,0,0
0.083333333,0,0
0.125,0,0
0.166666667,0,0
0.208333333,0,0
0.25,0,0
0.291666667,0,0
0.333333333,0,0
0.375,0,0
0.416666667,0,0
0.458333333,0,0
0.5,0,0
0.541666667,0,0
0.583333333,0,0
0.625,0.560813891,1
0.666666667,0.136855083,0
0.708333333,0,0
0.75,0,0
0.791666667,0,0
0.833333333,0,0
0.875,0,0
0.916666667,0,0
0.958333333,0,0
1,0,0
0.041666667,0,0
0.083333333,0,0
0.125,0,0
0.166666667,0,0
0.208333333,0,0
0.25,0,0
0.291666667,0,0
0.333333333,0,0
0.375,0,0
0.416666667,0,0
0.458333333,0,0
0.5,0,0
0.541666667,0,0
0.583333333,0,0
0.625,0,0
0.666666667,0,0
0.708333333,0.136855083,0
0.75,0,0
0.791666667,0,0
0.833333333,0,0
0.875,0,0
0.916666667,0,0
0.958333333,0,0
1,0,0
0.041666667,0,0
0.083333333,0,0
0.125,0,0
0.166666667,0,0
0.208333333,0,0
0.25,0,0
0.291666667,0,0
0.333333333,0,0
0.375,0,0
0.416666667,0,0
0.458333333,0,0
0.5,0,0
0.541666667,0,0
0.583333333,0,0
0.625,0.560813891,1
0.666666667,0.156747203,0
0.708333333,0.560813891,1
0.75,0.031504065,0
0.791666667,0,0
0.833333333,0,0
0.875,0,0
0.916666667,0,0
0.958333333,0,0
1,0,0
0.041666667,0,0
0.083333333,0,0
0.125,0,0
0.166666667,0,0
0.208333333,0,0
0.25,0,0
0.291666667,0,0
0.333333333,0,0
0.375,0,0
0.416666667,0,0
0.458333333,0,0
0.5,0,0
0.541666667,0,0
0.583333333,0,0
0.625,0,0
0.666666667,0,0
0.708333333,0,0
0.75,0,0
0.791666667,0,0
0.833333333,0,0
0.875,0,0
0.916666667,0,0
0.958333333,0,0
1,0,0
0.041666667,0,0
0.083333333,0,0
0.125,0,0
0.166666667,0,0
0.208333333,0,0
0.25,0,0
0.291666667,0,0
0.333333333,0,0
0.375,0,0
0.416666667,0,0
0.458333333,0,0
0.5,0,0
0.541666667,0,0
0.583333333,0,0
0.625,0,0
0.666666667,0,0
0.708333333,0,0
0.75,0,0
0.791666667,0,0
0.833333333,0,0
0.875,0,0
0.916666667,0,0
0.958333333,0,0
1,0,0
0.041666667,0,0
0.083333333,0,0
0.125,0,0
0.166666667,0,0
0.208333333,0,0
0.25,0,0
0.291666667,0,0
0.333333333,0,0
0.375,0,0
0.416666667,0,0
0.458333333,0,0
0.5,0,0
0.541666667,0,0
0.583333333,0,0
0.625,0,0
0.666666667,0,0
0.708333333,0,0
0.75,0,0
0.791666667,0,0
0.833333333,0,0
0.875,0,0
0.916666667,0,0
0.958333333,0,0
1,0,0
0.041666667,0,0
0.083333333,0,0
0.125,0,0
0.166666667,0,0
0.208333333,0,0
0.25,0,0
0.291666667,0,0
0.333333333,0,0
0.375,0,0
0.416666667,0,0
0.458333333,0,0
0.5,0,0
0.541666667,0,0
0.583333333,0,0
0.625,0,0
0.666666667,0,0
0.708333333,0,0
0.75,0,0
0.791666667,0,0
0.833333333,0,0
0.875,0,0
0.916666667,0,0
0.958333333,0,0
1,0,0
0.041666667,0,0
0.083333333,0,0
0.125,0,0
0.166666667,0,0
0.208333333,0,0
0.25,0,0
0.291666667,0,0
0.333333333,0,0
0.375,0,0
0.416666667,0,0
0.458333333,0,0
0.5,0,0
0.541666667,0,0
0.583333333,0,0
0.625,0,0
0.666666667,0,0
0.708333333,0,0
0.75,0,0
0.791666667,0,0
0.833333333,0,0
0.875,0,0
0.916666667,0,0
0.958333333,0,0
1,0,0
0.041666667,0,0
0.083333333,0,0
0.125,0,0
0.166666667,0,0
0.208333333,0,0
0.25,0,0
0.291666667,0,0
0.333333333,0,0
0.375,0,0
0.416666667,0,0
0.458333333,0,0
0.5,0,0
0.541666667,0,0
0.583333333,0,0
0.625,0,0
0.666666667,0,0
0.708333333,0,0
0.75,0,0
0.791666667,0,0
0.833333333,0,0
0.875,0,0
0.916666667,0,0
0.958333333,0,0
1,0,0
0.041666667,0,0
0.083333333,0,0
0.125,0,0
0.166666667,0,0
0.208333333,0,0
0.25,0,0
0.291666667,0,0
0.333333333,0,0
0.375,0,0
0.416666667,0,0
0.458333333,0,0
0.5,0,0
0.541666667,0,0
0.583333333,0,0
0.625,0,0
0.666666667,0,0
0.708333333,0,0
0.75,0,0
0.791666667,0,0
0.458333333,0,0
0.5,0,0
0.541666667,0,0
0.583333333,0,0
0.625,0,0
0.666666667,0.560813891,1
0.708333333,0,0
0.75,0,0
0.791666667,0,0
0.833333333,0,0
0.875,0,0
0.916666667,0,0
0.958333333,0,0
1,0,0
0.041666667,0,0
0.083333333,0,0
0.125,0,0
0.166666667,0,0
0.208333333,0,0
0.25,0,0
0.291666667,0,0
0.333333333,0,0
0.375,0,0
0.416666667,0,0
0.458333333,0,0
0.5,0,0
0.541666667,0,0
0.583333333,0,0
0.625,0,0
0.666666667,0,0
0.708333333,0,0
0.75,0,0
0.791666667,0,0
0.833333333,0,0
0.875,0,0
0.916666667,0,0
0.958333333,0,0
1,0,0
0.041666667,0,0
0.083333333,0,0
0.125,0,0
0.166666667,0,0
0.208333333,0,0
0.25,0,0
0.291666667,0,0
0.333333333,0,0
0.375,0,0
0.416666667,0,0
0.458333333,0,0
0.5,0,0
0.541666667,0,0
0.583333333,0,0
0.625,0,0
0.666666667,0,0
0.708333333,0,0
0.75,0,0
0.791666667,0,0
0.833333333,0,0
0.875,0,0
0.916666667,0,0
0.958333333,0,0
1,0,0
0.041666667,0,0
0.083333333,0,0
0.125,0,0
0.166666667,0,0
0.208333333,0,0
0.25,0,0
0.291666667,0,0
0.333333333,0,0
0.375,0,0
0.416666667,0,0
0.458333333,0,0
0.5,0,0
0.541666667,0,0
0.583333333,0,0
0.625,0,0
0.666666667,0,0
0.708333333,0,0
0.75,0.018995098,0
0.791666667,0,0
0.833333333,0,0
0.875,0,0
0.916666667,0,0
0.958333333,0,0
1,0,0
0.041666667,0,0
0.083333333,0,0
0.125,0,0
0.166666667,0,0
0.208333333,0,0
0.25,0,0
0.291666667,0,0
0.333333333,0,0
0.375,0,0
0.416666667,0,0
0.458333333,0,0
0.5,0,0
0.541666667,0,0
0.583333333,0,0
0.625,0,0
0.666666667,0,0
0.708333333,0,0
0.75,0.018995098,0
0.791666667,0,0
0.833333333,0,0
0.875,0,0
0.916666667,0,0
0.958333333,0,0
1,0,0
0.041666667,0,0
0.083333333,0,0
0.125,0,0
0.166666667,0,0
0.208333333,0,0
0.25,0,0
0.291666667,0,0
0.333333333,0,0
0.375,0,0
0.416666667,0,0
0.458333333,0,0
0.5,0,0
0.541666667,0,0
0.583333333,0,0
0.625,0,0
0.666666667,0,0
0.708333333,0,0
0.75,0,0
0.791666667,0,0
0.833333333,0,0
0.875,0,0
0.916666667,0,0
0.958333333,0,0
1,0,0
0.041666667,0,0
0.083333333,0,0
0.125,0,0
0.166666667,0,0
0.208333333,0,0
0.25,0,0
0.291666667,0,0
0.333333333,0,0
0.375,0,0
0.416666667,0,0
0.458333333,0,0
0.5,0.560813891,1
0.541666667,0,0
0.583333333,0,0
0.625,0,0
0.666666667,0,0
0.708333333,0,0
0.75,0.015196078,0
0.791666667,0,0
0.833333333,0,0
0.875,0,0
0.916666667,0,0
0.958333333,0,0
1,0,0
0.041666667,0,0
0.083333333,0,0
0.125,0,0
0.166666667,0,0
0.208333333,0,0
0.25,0,0
0.291666667,0,0
0.333333333,0,0
0.375,0,0
0.416666667,0,0
0.458333333,0,0
0.5,0,0
0.541666667,0,0
0.583333333,0,0
0.625,0,0
0.666666667,0,0
0.708333333,0,0
0.75,0,0
0.791666667,0,0
0.833333333,0,0
0.875,0,0
0.916666667,0,0
0.958333333,0,0
1,0,0
0.041666667,0,0
0.083333333,0,0
0.125,0,0
0.166666667,0,0
0.208333333,0,0
0.25,0,0
0.291666667,0,0
0.333333333,0,0
0.375,0,0
0.416666667,0,0
0.458333333,0,0
0.5,0,0
0.541666667,0,0
0.583333333,0,0
0.625,0,0
0.666666667,0,0
0.708333333,0,0
0.75,0,0
0.791666667,0,0
0.833333333,0,0
0.875,0,0
0.916666667,0,0
0.958333333,0,0
1,0,0
0.041666667,0,0
0.083333333,0,0
0.125,0,0
0.166666667,0,0
0.208333333,0,0
0.25,0,0
0.291666667,0,0
0.333333333,0,0
0.375,0,0
0.416666667,0,0
0.458333333,0,0
0.5,0,0
0.541666667,0,0
0.583333333,0,0
0.625,0,0
0.666666667,0,0
0.708333333,0,0
0.75,0,0
0.791666667,0,0
0.833333333,0,0
0.875,0,0
0.916666667,0,0
0.958333333,0,0
1,0,0
0.041666667,0,0
0.083333333,0,0
0.125,0,0
0.166666667,0,0
0.208333333,0,0
0.25,0,0
0.291666667,0,0
0.333333333,0,0
0.375,0,0
0.416666667,0,0
0.458333333,0,0
0.5,0,0
0.541666667,0,0
0.583333333,0,0
0.625,0,0
0.666666667,0,0
0.708333333,0,0
0.75,0,0
0.791666667,0,0
0.833333333,0,0
0.875,0,0
0.916666667,0,0
0.958333333,0,0
1,0,0
0.041666667,0,0
0.083333333,0,0
0.125,0,0
0.166666667,0,0
0.208333333,0,0
0.25,0,0
0.291666667,0,0
0.333333333,0,0
0.375,0,0
0.416666667,0,0
0.458333333,0,0
0.5,0,0
0.541666667,0,0
0.583333333,0,0
0.625,0,0
0.666666667,0,0
0.708333333,0,0
0.75,0,0
0.791666667,0,0
0.833333333,0,0
0.875,0,0
0.916666667,0,0
0.958333333,0,0
1,0,0
0.041666667,0,0
0.083333333,0,0
0.125,0,0
0.166666667,0,0
0.208333333,0,0
0.25,0,0
0.291666667,0,0
0.333333333,0,0
0.375,0,0
0.416666667,0,0
0.458333333,0,0
0.5,0,0
0.541666667,0,0
0.583333333,0,0
0.625,0.017454955,0
0.666666667,0,0
0.708333333,0.015752033,0
0.75,0,0
0.791666667,0,0
0.833333333,0,0
0.875,0,0
0.916666667,0,0
0.958333333,0,0
1,0,0
0.041666667,0,0
0.083333333,0,0
0.125,0,0
0.166666667,0,0
0.208333333,0,0
0.25,0,0
0.291666667,0,0
0.333333333,0,0
0.375,0,0
0.416666667,0,0
0.458333333,0,0
0.5,0,0
0.541666667,0,0
0.583333333,0,0
0.625,0,0
0.666666667,0,0
0.708333333,0,0
0.75,0.078380022,0
0.791666667,0,0
0.833333333,0,0
0.875,0,0
0.916666667,0,0
0.958333333,0,0
1,0,0
0.041666667,0,0
0.083333333,0,0
0.125,0,0
0.166666667,0,0
0.208333333,0,0
0.25,0,0
0.291666667,0,0
0.333333333,0,0
0.375,0,0
0.416666667,0,0
0.458333333,0,0
0.5,0.015752033,0
0.541666667,0,0
0.583333333,0,0
0.625,0,0
0.666666667,0,0
0.708333333,0.057111388,0
0.75,0,0
0.791666667,0,0
0.833333333,0,0
0.875,0,0
0.916666667,0,0
0.958333333,0,0
1,0,0
0.041666667,0,0
0.083333333,0,0
0.125,0,0
0.166666667,0,0
0.208333333,0,0
0.25,0,0
0.291666667,0,0
0.333333333,0,0
0.375,0,0
0.416666667,0,0
0.458333333,0,0
0.5,0,0
0.541666667,0,0
0.583333333,0,0
0.625,0,0
0.666666667,0,0
0.708333333,0,0
0.75,0,0
0.791666667,0,0
0.833333333,0,0
0.875,0,0
0.916666667,0,0
0.958333333,0,0
1,0,0
0.041666667,0,0
0.083333333,0,0
0.125,0,0
0.166666667,0,0
0.208333333,0,0
0.25,0,0
0.291666667,0,0
0.333333333,0,0
0.375,0,0
0.416666667,0,0
0.458333333,0,0
0.5,0,0
0.541666667,0,0
0.583333333,0,0
0.625,0.032651033,0
0.666666667,0,0
0.708333333,0,0
0.75,0,0
0.791666667,0,0
0.833333333,0,0
0.875,0,0
0.916666667,0,0
0.958333333,0,0
1,0,0
0.041666667,0,0
0.083333333,0,0
0.125,0,0
0.166666667,0,0
0.208333333,0,0
0.25,0,0
0.291666667,0,0
0.333333333,0,0
0.375,0,0
0.416666667,0,0
0.458333333,0,0
0.5,0,0
0.541666667,0,0
0.583333333,0,0
0.625,0,0
0.666666667,0,0
0.708333333,0,0
0.75,0,0
0.791666667,0,0
0.833333333,0,0
0.875,0,0
0.916666667,0,0
0.958333333,0,0
1,0,0
0.041666667,0,0
0.083333333,0,0
0.125,0,0
0.166666667,0,0
0.208333333,0,0
0.25,0,0
0.291666667,0,0
0.333333333,0,0
0.375,0,0
0.416666667,0,0
0.458333333,0,0
0.5,0,0
0.541666667,0,0
0.583333333,0,0
0.625,0,0
0.666666667,0,0
0.708333333,0,0
0.75,0,0
0.791666667,0,0
0.833333333,0,0
0.875,0,0
0.916666667,0,0
0.958333333,0,0
1,0,0
0.041666667,0,0
0.083333333,0,0
0.125,0,0
0.166666667,0,0
0.208333333,0,0
0.25,0,0
0.291666667,0,0
0.333333333,0,0
0.375,0,0
0.416666667,0,0
0.458333333,0,0
0.5,0,0
0.541666667,0,0
0.583333333,0,0
0.625,0,0
0.666666667,0,0
0.708333333,0,0
0.75,0,0
0.791666667,0,0
0.833333333,0,0
0.875,0,0
0.916666667,0,0
0.958333333,0,0
1,0,0
0.041666667,0,0
0.083333333,0,0
0.125,0,0
0.166666667,0,0
0.208333333,0,0
0.25,0,0
0.291666667,0,0
0.333333333,0,0
0.375,0,0
0.416666667,0,0
0.458333333,0,0
0.5,0,0
0.541666667,0,0
0.583333333,0,0
0.625,0.015752033,0
0.666666667,0,0
0.708333333,0,0
0.75,0.06539868,0
0.791666667,0,0
0.833333333,0,0
0.875,0,0
0.916666667,0,0
0.958333333,0,0
1,0,0
0.041666667,0,0
0.083333333,0,0
0.125,0,0
0.166666667,0,0
0.208333333,0,0
0.25,0,0
0.291666667,0,0
0.333333333,0,0
0.375,0,0
0.416666667,0,0
0.458333333,0,0
0.5,0.015752033,0
0.541666667,0,0
0.583333333,0,0
0.625,0,0
0.666666667,0.064246185,0
0.708333333,0.209400076,0
0.75,0.267649729,0
0.791666667,0,0
0.833333333,0,0
0.875,0,0
0.916666667,0,0
0.958333333,0,0
1,0,0
0.041666667,0,0
0.083333333,0,0
0.125,0,0
0.166666667,0,0
0.208333333,0,0
0.25,0,0
0.291666667,0,0
0.333333333,0,0
0.375,0,0
0.416666667,0,0
0.458333333,0,0
0.5,0,0
0.541666667,0,0
0.583333333,0,0
0.625,0,0
0.666666667,0,0
0.708333333,0.015752033,0
0.75,0.061547753,0
0.791666667,0,0
0.833333333,0,0
0.875,0,0
0.916666667,0,0
0.958333333,0,0
1,0,0
0.041666667,0,0
0.083333333,0,0
0.125,0,0
0.166666667,0,0
0.208333333,0,0
0.25,0,0
0.291666667,0,0
0.333333333,0,0
0.375,0,0
0.458333333,0,0
0.541666667,0.119458852,0
0.625,0.015752033,0
0.666666667,0,0
0.708333333,0,0
0.75,0,0
0.791666667,0,0
0.875,0,0
0.916666667,0,0
0.958333333,0,0
1,0,0
0.041666667,0,0
0.125,0,0
0.166666667,0,0
0.25,0,0
0.291666667,0,0
0.375,0,0
0.416666667,0,0
0.458333333,0,0
0.5,0,0
0.583333333,0,0
0.666666667,0,0
0.75,0,0
0.791666667,0,0
0.833333333,0,0
0.875,0,0
0.916666667,0,0
0.958333333,0,0
1,0,0
0.041666667,0,0
0.125,0,0
0.166666667,0,0
0.25,0,0
0.375,0,0
0.458333333,0,0
0.5,0,0
0.541666667,0,0
0.583333333,0,0
0.625,0,0
0.791666667,0,0
0.875,0,0
0.958333333,0,0
1,0,0
0.125,0,0
0.25,0,0
0.333333333,0,0
0.416666667,0,0
0.458333333,0,0
0.541666667,0,0
0.625,0.06107367,0
0.708333333,0,0
0.75,0,0
0.833333333,0,0
0.916666667,0,0
0.958333333,0,0
0.041666667,0,0
0.208333333,0,0
0.375,0,0
0.458333333,0,0
0.625,0,0
0.708333333,0,0
0.791666667,0,0
0.916666667,0,0
0.041666667,0,0
0.166666667,0,0
0.75,0,0
0.916666667,0,0
1,0,0
0.5,0,0
0.541666667,0,0
0.75,0.560813891,1
0.583333333,0,0
0.625,0,0
0.666666667,0,0
0.708333333,0,0
0.75,0,0
0.791666667,0,0
0.833333333,0,0
0.875,0,0
0.916666667,0,0
0.958333333,0,0
1,0,0
0.041666667,0,0
0.083333333,0,0
0.125,0,0
0.166666667,0,0
0.458333333,0,0
0.5,0,0
0.541666667,0,0
0.583333333,0,0
0.625,0,0
0.666666667,0,0
0.708333333,0,0
0.75,0.018995098,0
0.791666667,0,0
0.833333333,0,0
0.875,0,0
0.916666667,0,0
0.958333333,0,0
1,0,0
0.041666667,0,0
0.083333333,0,0
0.125,0,0
0.166666667,0,0
0.208333333,0,0
0.25,0,0
0.291666667,0,0
0.333333333,0,0
0.375,0,0
0.416666667,0,0
0.458333333,0,0
0.5,0,0
0.541666667,0,0
0.583333333,0,0
0.625,0,0
0.666666667,0,0
0.708333333,0,0
0.75,0,0
0.791666667,0,0
0.833333333,0,0
0.875,0,0
0.916666667,0,0
0.958333333,0,0
1,0,0
0.041666667,0,0
0.083333333,0,0
0.125,0,0
0.166666667,0,0
0.208333333,0,0
0.25,0,0
0.291666667,0,0
0.333333333,0,0
0.375,0,0
0.416666667,0,0
0.458333333,0,0
0.5,0,0
0.541666667,0,0
0.583333333,0,0
0.625,0,0
0.666666667,0.017454955,0
0.708333333,0,0
0.75,0,0
0.791666667,0,0
0.833333333,0,0
0.875,0,0
0.916666667,0,0
0.958333333,0,0
1,0,0
0.041666667,0,0
0.083333333,0,0
0.125,0,0
0.166666667,0,0
0.208333333,0,0
0.25,0,0
0.291666667,0,0
0.333333333,0,0
0.375,0,0
0.416666667,0,0
0.458333333,0,0
0.5,0,0
0.541666667,0,0
0.583333333,0,0
0.625,0,0
0.666666667,0.018995098,0
0.708333333,0,0
0.75,0,0
0.791666667,0,0
0.833333333,0,0
0.875,0,0
0.916666667,0,0
0.958333333,0,0
1,0,0
0.041666667,0,0
0.083333333,0,0
0.125,0,0
0.166666667,0,0
0.208333333,0,0
0.25,0,0
0.291666667,0,0
0.333333333,0,0
0.375,0,0
0.416666667,0,0
0.458333333,0,0
0.5,0,0
0.541666667,0,0
0.583333333,0,0
0.625,0,0
0.666666667,0.560813891,1
0.708333333,0.018995098,0
0.75,0.071342094,0
0.791666667,0,0
0.833333333,0,0
0.875,0,0
0.916666667,0,0
0.958333333,0,0
1,0,0
0.041666667,0,0
0.083333333,0,0
0.125,0,0
0.166666667,0,0
0.208333333,0,0
0.25,0,0
0.291666667,0,0
0.333333333,0,0
0.375,0,0
0.416666667,0,0
0.458333333,0,0
0.5,0,0
0.541666667,0,0
0.583333333,0,0
0.625,0,0
0.666666667,0,0
0.708333333,0,0
0.75,0,0
0.791666667,0,0
0.833333333,0,0
0.875,0,0
0.916666667,0,0
0.958333333,0,0
1,0,0
0.041666667,0,0
0.083333333,0,0
0.125,0,0
0.166666667,0,0
0.208333333,0,0
0.25,0,0
0.291666667,0,0
0.333333333,0,0
0.375,0,0
0.416666667,0,0
0.458333333,0,0
0.5,0,0
0.541666667,0,0
0.583333333,0,0
0.625,0.560813891,1
0.666666667,0,0
0.708333333,0,0
0.75,0,0
0.791666667,0,0
0.833333333,0,0
0.875,0,0
0.916666667,0,0
0.958333333,0,0
1,0,0
0.041666667,0,0
0.083333333,0,0
0.125,0,0
0.166666667,0,0
0.208333333,0,0
0.25,0,0
0.291666667,0,0
0.333333333,0,0
0.375,0,0
0.416666667,0,0
0.458333333,0.560813891,1
0.5,0,0
0.541666667,0,0
0.583333333,0,0
0.625,0,0
0.666666667,0,0
0.708333333,0,0
0.75,0,0
0.791666667,0,0
0.833333333,0,0
0.875,0,0
0.916666667,0,0
0.958333333,0,0
1,0,0
0.041666667,0,0
0.083333333,0,0
0.125,0,0
0.166666667,0,0
0.208333333,0,0
0.25,0,0
0.291666667,0,0
0.333333333,0,0
0.375,0,0
0.416666667,0,0
0.458333333,0,0
0.5,0,0
0.541666667,0,0
0.583333333,0,0
0.625,0,0
0.666666667,0,0
0.708333333,0,0
0.75,0,0
0.791666667,0,0
0.833333333,0,0
0.875,0,0
0.916666667,0,0
0.958333333,0,0
1,0,0
0.041666667,0,0
0.083333333,0,0
0.125,0,0
0.166666667,0,0
0.208333333,0,0
0.25,0,0
0.291666667,0,0
0.333333333,0,0
0.375,0,0
0.416666667,0,0
0.458333333,0,0
0.5,0.026909722,0
0.541666667,0,0
0.583333333,0,0
0.625,0.031504065,0
0.666666667,0,0
0.708333333,0,0
0.75,0,0
0.791666667,0,0
0.833333333,0,0
0.875,0,0
0.916666667,0,0
0.958333333,0,0
1,0,0
0.041666667,0,0
0.083333333,0,0
0.125,0,0
0.166666667,0,0
0.208333333,0,0
0.25,0,0
0.291666667,0,0
0.333333333,0,0
0.375,0,0
0.416666667,0,0
0.458333333,0,0
0.5,0,0
0.541666667,0,0
0.583333333,0.431873432,0
0.625,0.026909722,0
0.666666667,0,0
0.708333333,0,0
0.75,0,0
0.791666667,0,0
0.833333333,0,0
0.875,0,0
0.916666667,0,0
0.958333333,0,0
1,0,0
0.041666667,0,0
0.083333333,0,0
0.125,0,0
0.166666667,0,0
0.208333333,0,0
0.25,0,0
0.291666667,0,0
0.333333333,0,0
0.375,0,0
0.416666667,0,0
0.458333333,0,0
0.5,0,0
0.541666667,0,0
0.583333333,0,0
0.625,0.018995098,0
0.666666667,0,0
0.708333333,0,0
0.75,0,0
0.791666667,0,0
0.833333333,0,0
0.875,0,0
0.916666667,0,0
0.958333333,0,0
1,0,0
0.041666667,0,0
0.083333333,0,0
0.125,0,0
0.166666667,0,0
0.208333333,0,0
0.25,0,0
0.291666667,0,0
0.333333333,0,0
0.375,0,0
0.416666667,0,0
0.458333333,0,0
0.5,0,0
0.541666667,0,0
0.583333333,0,0
0.625,0.018995098,0
0.666666667,0.018995098,0
0.708333333,0,0
0.75,0,0
0.791666667,0,0
0.833333333,0,0
0.875,0,0
0.916666667,0,0
0.958333333,0,0
1,0,0
0.041666667,0,0
0.083333333,0,0
0.125,0,0
0.166666667,0,0
0.208333333,0,0
0.25,0,0
0.291666667,0,0
0.333333333,0,0
0.375,0,0
0.416666667,0,0
0.458333333,0,0
0.5,0,0
0.541666667,0,0
0.583333333,0,0
0.625,0.018995098,0
0.666666667,0.018995098,0
0.708333333,0,0
0.75,0.560813891,1
0.791666667,0,0
0.833333333,0,0
0.875,0,0
0.916666667,0,0
0.958333333,0,0
1,0,0
0.041666667,0,0
0.083333333,0,0
0.125,0,0
0.166666667,0,0
0.208333333,0,0
0.25,0,0
0.291666667,0,0
0.333333333,0,0
0.375,0,0
0.416666667,0,0
0.458333333,0,0
0.5,0,0
0.541666667,0,0
0.583333333,0,0
0.625,0.018995098,0
0.666666667,0.560813891,0
0.708333333,0.560813891,1
0.75,0,0
0.791666667,0,0
0.833333333,0,0
0.875,0,0
0.916666667,0,0
0.958333333,0,0
1,0,0
0.041666667,0,0
0.083333333,0,0
0.125,0,0
0.166666667,0,0
0.208333333,0,0
0.25,0,0
0.291666667,0,0
0.333333333,0,0
0.375,0,0
0.416666667,0,0
0.458333333,0,0
0.5,0,0
0.541666667,0,0
0.583333333,0,0
0.625,0,0
0.666666667,0.083618821,0
0.708333333,0,0
0.75,0.560813891,0
0.791666667,0,0
0.833333333,0,0
0.875,0,0
0.916666667,0,0
0.958333333,0,0
1,0,0
0.041666667,0,0
0.083333333,0,0
0.125,0,0
0.166666667,0,0
0.208333333,0,0
0.25,0,0
0.291666667,0,0
0.333333333,0,0
0.375,0,0
0.416666667,0,0
0.458333333,0,0
0.5,0,0
0.541666667,0,0
0.583333333,0,0
0.625,0,0
0.666666667,0.018995098,0
0.708333333,0.018995098,0
0.75,0.560813891,0
0.791666667,0,0
0.833333333,0,0
0.875,0,0
0.916666667,0,0
0.958333333,0,0
1,0,0
0.041666667,0,0
0.083333333,0,0
0.125,0,0
0.166666667,0,0
0.208333333,0,0
0.25,0,0
0.291666667,0,0
0.333333333,0,0
0.375,0,0
0.416666667,0,0
0.458333333,0,0
0.5,0,0
0.541666667,0,0
0.583333333,0,0
0.625,0.560813891,1
0.666666667,0.154863039,0
0.708333333,0.268069331,0
0.75,0,0
0.791666667,0,0
0.833333333,0,0
0.875,0,0
0.916666667,0,0
0.958333333,0,0
1,0,0
0.041666667,0,0
0.083333333,0,0
0.125,0,0
0.166666667,0,0
0.208333333,0,0
0.25,0,0
0.291666667,0,0
0.333333333,0,0
0.375,0,0
0.416666667,0,0
0.458333333,0,0
0.5,0,0
0.541666667,0,0
0.583333333,0,0
0.625,0,0
0.666666667,0.022660819,0
0.708333333,0.037856897,0
0.75,0,0
0.791666667,0,0
0.833333333,0,0
0.875,0,0
0.916666667,0,0
0.958333333,0,0
1,0,0
0.041666667,0,0
0.083333333,0,0
0.125,0,0
0.166666667,0,0
0.208333333,0,0
0.25,0,0
0.291666667,0,0
0.333333333,0,0
0.375,0,0
0.416666667,0,0
0.458333333,0,0
0.5,0.560813891,1
0.541666667,0,0
0.583333333,0,0
0.625,0,0
0.666666667,0,0
0.708333333,0.560813891,1
0.75,0.035067873,0
0.791666667,0,0
0.833333333,0,0
0.875,0,0
0.916666667,0,0
0.958333333,0,0
1,0,0
0.041666667,0,0
0.083333333,0,0
0.125,0,0
0.166666667,0,0
0.208333333,0,0
0.25,0,0
0.291666667,0,0
0.333333333,0,0
0.375,0,0
0.416666667,0,0
0.458333333,0,0
0.5,0.015752033,0
0.541666667,0,0
0.583333333,0,0
0.625,0,0
0.666666667,0,0
0.708333333,0,0
0.75,0,0
0.791666667,0,0
0.833333333,0,0
0.875,0,0
0.916666667,0,0
0.958333333,0,0
1,0,0
0.041666667,0,0
0.083333333,0,0
0.125,0,0
0.166666667,0,0
0.208333333,0,0
0.25,0,0
0.291666667,0,0
0.333333333,0,0
0.375,0,0
0.416666667,0,0
0.458333333,0,0
0.5,0,0
0.541666667,0,0
0.583333333,0,0
0.625,0,0
0.666666667,0,0
0.708333333,0,0
0.75,0,0
0.791666667,0,0
0.833333333,0,0
0.875,0,0
0.916666667,0,0
0.958333333,0,0
1,0,0
0.041666667,0,0
0.083333333,0,0
0.125,0,0
0.166666667,0,0
0.208333333,0,0
0.25,0,0
0.291666667,0,0
0.333333333,0,0
0.375,0,0
0.416666667,0,0
0.458333333,0,0
0.5,0,0
0.541666667,0,0
0.583333333,0,0
0.625,0,0
0.666666667,0,0
0.708333333,0,0
0.75,0,0
0.791666667,0,0
0.833333333,0,0
0.875,0,0
0.916666667,0,0
0.958333333,0,0
1,0,0
0.041666667,0,0
0.083333333,0,0
0.125,0,0
0.166666667,0,0
0.208333333,0,0
0.25,0,0
0.291666667,0,0
0.333333333,0,0
0.375,0,0
0.416666667,0,0
0.458333333,0,0
0.5,0,0
0.541666667,0,0
0.583333333,0,0
0.625,0,0
0.666666667,0,0
0.708333333,0,0
0.75,0,0
0.791666667,0,0
0.833333333,0,0
0.875,0,0
0.916666667,0,0
0.958333333,0,0
1,0,0
0.041666667,0,0
0.083333333,0,0
0.125,0,0
0.166666667,0,0
0.208333333,0,0
0.25,0,0
0.291666667,0,0
0.333333333,0,0
0.375,0,0
0.416666667,0,0
0.458333333,0,0
0.5,0,0
0.541666667,0,0
0.583333333,0,0
0.625,0.038412851,0
0.666666667,0.022660819,0
0.708333333,0,0
0.75,0,0
0.791666667,0,0
0.833333333,0,0
0.875,0,0
0.916666667,0,0
0.958333333,0,0
1,0,0
0.041666667,0,0
0.083333333,0,0
0.125,0,0
0.166666667,0,0
0.208333333,0,0
0.25,0,0
0.291666667,0,0
0.333333333,0,0
0.375,0,0
0.416666667,0,0
0.458333333,0,0
0.5,0,0
0.541666667,0,0
0.583333333,0,0
0.625,0,0
0.666666667,0,0
0.708333333,0,0
0.75,0,0
0.791666667,0,0
0.833333333,0,0
0.875,0,0
0.916666667,0,0
0.958333333,0,0
1,0,0
0.041666667,0,0
0.083333333,0,0
0.125,0,0
0.166666667,0,0
0.208333333,0,0
0.25,0,0
0.291666667,0,0
0.333333333,0,0
0.375,0,0
0.416666667,0,0
0.458333333,0,0
0.5,0,0
0.541666667,0,0
0.583333333,0,0
0.625,0,0
0.666666667,0,0
0.708333333,0,0
0.75,0,0
0.791666667,0,0
0.833333333,0,0
0.875,0,0
0.916666667,0,0
0.958333333,0,0
1,0,0
0.041666667,0,0
0.083333333,0,0
0.125,0,0
0.166666667,0,0
0.208333333,0,0
0.25,0,0
0.291666667,0,0
0.333333333,0,0
0.375,0,0
0.416666667,0,0
0.458333333,0,0
0.5,0,0
0.541666667,0,0
0.583333333,0,0
0.625,0,0
0.666666667,0,0
0.708333333,0,0
0.75,0,0
0.791666667,0,0
0.833333333,0,0
0.875,0,0
0.916666667,0,0
0.958333333,0,0
1,0,0
0.041666667,0,0
0.083333333,0,0
0.125,0,0
0.166666667,0,0
0.208333333,0,0
0.25,0,0
0.291666667,0,0
0.333333333,0,0
0.375,0,0
0.416666667,0,0
0.458333333,0,0
0.5,0,0
0.541666667,0,0
0.583333333,0,0
0.625,0,0
0.666666667,0,0
0.708333333,0,0
0.75,0,0
0.791666667,0,0
0.833333333,0,0
0.875,0,0
0.916666667,0,0
0.958333333,0,0
1,0,0
0.041666667,0,0
0.083333333,0,0
0.125,0,0
0.166666667,0,0
0.208333333,0,0
0.25,0,0
0.291666667,0,0
0.333333333,0,0
0.375,0,0
0.416666667,0,0
0.458333333,0,0
0.5,0,0
0.541666667,0,0
0.583333333,0,0
0.625,0,0
0.666666667,0,0
0.708333333,0,0
0.75,0,0
0.791666667,0,0
0.833333333,0,0
0.875,0,0
0.916666667,0,0
0.958333333,0,0
1,0,0
0.041666667,0,0
0.083333333,0,0
0.125,0,0
0.166666667,0,0
0.208333333,0,0
0.25,0,0
0.291666667,0,0
0.333333333,0,0
0.375,0,0
0.416666667,0,0
0.458333333,0,0
0.5,0,0
0.541666667,0,0
0.583333333,0,0
0.625,0,0
0.666666667,0,0
0.708333333,0,0
0.75,0,0
0.791666667,0,0
0.833333333,0,0
0.875,0,0
0.916666667,0,0
0.958333333,0,0
1,0,0
0.041666667,0,0
0.083333333,0,0
0.125,0,0
0.166666667,0,0
0.208333333,0,0
0.25,0,0
0.291666667,0,0
0.333333333,0,0
0.375,0,0
0.416666667,0,0
0.458333333,0,0
0.5,0,0
0.541666667,0,0
0.583333333,0,0
0.625,0,0
0.666666667,0,0
0.708333333,0,0
0.75,0,0
0.791666667,0,0
0.833333333,0,0
0.875,0,0
0.916666667,0,0
0.958333333,0,0
1,0,0
0.041666667,0,0
0.083333333,0,0
0.125,0,0
0.166666667,0,0
0.208333333,0,0
0.25,0,0
0.291666667,0,0
0.333333333,0,0
0.375,0,0
0.416666667,0,0
0.458333333,0,0
0.5,0,0
0.541666667,0,0
0.583333333,0,0
0.625,0,0
0.666666667,0,0
0.708333333,0,0
0.75,0,0
0.791666667,0,0
0.833333333,0,0
0.875,0,0
0.916666667,0,0
0.958333333,0,0
1,0,0
0.041666667,0,0
0.083333333,0,0
0.125,0,0
0.166666667,0,0
0.208333333,0,0
0.25,0,0
0.291666667,0,0
0.333333333,0,0
0.375,0,0
0.416666667,0,0
0.458333333,0,0
0.5,0,0
0.541666667,0,0
0.583333333,0,0
0.625,0,0
0.666666667,0,0
0.708333333,0,0
0.75,0,0
0.791666667,0,0
0.833333333,0,0
0.875,0,0
0.916666667,0,0
0.958333333,0,0
1,0,0
0.041666667,0,0
0.083333333,0,0
0.125,0,0
0.166666667,0,0
0.208333333,0,0
0.25,0,0
0.291666667,0,0
0.333333333,0,0
0.375,0,0
0.416666667,0,0
0.458333333,0,0
0.5,0,0
0.541666667,0,0
0.583333333,0,0
0.625,0,0
0.666666667,0,0
0.708333333,0,0
0.75,0,0
0.791666667,0,0
0.833333333,0,0
0.875,0,0
0.916666667,0,0
0.958333333,0,0
1,0,0
0.041666667,0,0
0.083333333,0,0
0.125,0,0
0.166666667,0,0
0.208333333,0,0
0.25,0,0
0.291666667,0,0
0.333333333,0,0
0.375,0,0
0.416666667,0,0
0.458333333,0,0
0.5,0,0
0.541666667,0,0
0.583333333,0,0
0.625,0,0
0.666666667,0,0
0.708333333,0,0
0.75,0,0
0.791666667,0,0
0.833333333,0,0
0.875,0,0
0.916666667,0,0
0.958333333,0,0
1,0,0
0.041666667,0,0
0.083333333,0,0
0.125,0,0
0.166666667,0,0
0.208333333,0,0
0.25,0,0
0.291666667,0,0
0.333333333,0,0
0.375,0,0
0.416666667,0,0
0.458333333,0,0
0.5,0,0
0.541666667,0,0
0.583333333,0,0
0.625,0,0
0.666666667,0,0
0.708333333,0,0
0.75,0,0
0.791666667,0,0
0.833333333,0,0
0.875,0,0
0.916666667,0,0
0.958333333,0,0
1,0,0
0.041666667,0,0
0.083333333,0,0
0.125,0,0
0.166666667,0,0
0.208333333,0,0
0.25,0,0
0.291666667,0,0
0.333333333,0,0
0.375,0,0
0.416666667,0,0
0.458333333,0,0
0.5,0,0
0.541666667,0,0
0.583333333,0,0
0.625,0,0
0.666666667,0,0
0.708333333,0,0
0.75,0,0
0.791666667,0,0
0.833333333,0,0
0.875,0,0
0.916666667,0,0
0.958333333,0,0
1,0,0
0.041666667,0,0
0.083333333,0,0
0.125,0,0
0.166666667,0,0
0.208333333,0,0
0.25,0,0
0.291666667,0,0
0.333333333,0,0
0.375,0,0
0.416666667,0,0
0.458333333,0,0
0.5,0,0
0.541666667,0,0
0.583333333,0,0
0.625,0,0
0.666666667,0,0
0.708333333,0,0
0.75,0.139108791,0
0.791666667,0,0
0.833333333,0,0
0.875,0,0
0.916666667,0,0
0.958333333,0,0
1,0,0
0.041666667,0,0
0.083333333,0,0
0.125,0,0
0.166666667,0,0
0.208333333,0,0
0.25,0,0
0.291666667,0,0
0.333333333,0,0
0.375,0,0
0.416666667,0,0
0.458333333,0,0
0.5,0,0
0.541666667,0,0
0.583333333,0,0
0.625,0,0
0.666666667,0,0
0.708333333,0,0
0.75,0,0
0.791666667,0,0
0.833333333,0,0
0.875,0,0
0.916666667,0,0
0.958333333,0,0
1,0,0
0.041666667,0,0
0.083333333,0,0
0.125,0,0
0.166666667,0,0
0.208333333,0,0
0.25,0,0
0.291666667,0,0
0.333333333,0,0
0.375,0,0
0.416666667,0,0
0.458333333,0,0
0.5,0,0
0.541666667,0,0
0.583333333,0,0
0.625,0,0
0.666666667,0,0
0.708333333,0.064067769,0
0.75,0.560813891,1
0.791666667,0,0
0.833333333,0,0
0.875,0,0
0.916666667,0,0
0.958333333,0,0
1,0,0
0.041666667,0,0
0.083333333,0,0
0.125,0,0
0.166666667,0,0
0.208333333,0,0
0.25,0,0
0.291666667,0,0
0.333333333,0,0
0.375,0,0
0.416666667,0,0
0.458333333,0,0
0.5,0,0
0.541666667,0,0
0.583333333,0,0
0.625,0,0
0.666666667,0,0
0.708333333,0,0
0.75,0,0
0.791666667,0,0
0.833333333,0,0
0.875,0,0
0.916666667,0,0
0.958333333,0,0
1,0,0
0.041666667,0,0
0.083333333,0,0
0.125,0,0
0.166666667,0,0
0.208333333,0,0
0.25,0,0
0.291666667,0,0
0.333333333,0,0
0.375,0,0
0.416666667,0,0
0.458333333,0,0
0.5,0,0
0.541666667,0,0
0.583333333,0,0
0.625,0,0
0.666666667,0,0
0.708333333,0,0
0.75,0,0
0.791666667,0,0
0.833333333,0,0
0.875,0,0
0.916666667,0,0
0.958333333,0,0
1,0,0
0.041666667,0,0
0.083333333,0,0
0.125,0,0
0.166666667,0,0
0.208333333,0,0
0.25,0,0
0.291666667,0,0
0.333333333,0,0
0.375,0,0
0.416666667,0,0
0.458333333,0,0
0.5,0,0
0.541666667,0.560813891,1
0.583333333,0,0
0.625,0,0
0.666666667,0,0
0.708333333,0,0
0.75,0,0
0.791666667,0,0
0.833333333,0,0
0.875,0,0
0.916666667,0,0
0.958333333,0,0
1,0,0
0.041666667,0,0
0.083333333,0,0
0.125,0,0
0.166666667,0,0
0.208333333,0,0
0.25,0,0
0.291666667,0,0
0.333333333,0,0
0.375,0,0
0.416666667,0,0
0.458333333,0,0
0.5,0,0
0.541666667,0,0
0.583333333,0,0
0.625,0,0
0.666666667,0,0
0.708333333,0,0
0.75,0,0
0.791666667,0,0
0.833333333,0,0
0.875,0,0
0.916666667,0,0
0.958333333,0,0
1,0,0
0.041666667,0,0
0.083333333,0,0
0.125,0,0
0.166666667,0,0
0.208333333,0,0
0.25,0,0
0.291666667,0,0
0.333333333,0,0
0.375,0,0
0.416666667,0,0
0.458333333,0,0
0.5,0,0
0.541666667,0,0
0.583333333,0,0
0.625,0,0
0.666666667,0,0
0.708333333,0,0
0.75,0,0
0.791666667,0,0
0.833333333,0,0
0.875,0,0
0.916666667,0,0
0.958333333,0,0
1,0,0
0.041666667,0,0
0.083333333,0,0
0.125,0,0
0.166666667,0,0
0.208333333,0,0
0.25,0,0
0.291666667,0,0
0.333333333,0,0
0.375,0,0
0.416666667,0,0
0.458333333,0,0
0.5,0,0
0.541666667,0,0
0.583333333,0,0
0.625,0,0
0.666666667,0,0
0.708333333,0,0
0.75,0,0
0.791666667,0,0
0.833333333,0,0
0.875,0,0
0.916666667,0,0
0.958333333,0,0
1,0,0
0.041666667,0,0
0.083333333,0,0
0.125,0,0
0.166666667,0,0
0.208333333,0,0
0.25,0,0
0.291666667,0,0
0.333333333,0,0
0.375,0,0
0.416666667,0,0
0.458333333,0,0
0.5,0,0
0.541666667,0,0
0.583333333,0,0
0.625,0,0
0.666666667,0.015752033,0
0.708333333,0,0
0.75,0,0
0.791666667,0,0
0.833333333,0,0
0.875,0,0
0.916666667,0,0
0.958333333,0,0
1,0,0
0.041666667,0,0
0.083333333,0,0
0.125,0,0
0.166666667,0,0
0.208333333,0,0
0.25,0,0
0.291666667,0,0
0.333333333,0,0
0.375,0,0
0.416666667,0,0
0.458333333,0,0
0.5,0,0
0.541666667,0,0
0.583333333,0,0
0.625,0,0
0.666666667,0,0
0.708333333,0,0
0.75,0,0
0.791666667,0,0
0.833333333,0,0
0.875,0,0
0.916666667,0,0
0.958333333,0,0
1,0,0
0.041666667,0,0
0.083333333,0,0
0.125,0,0
0.166666667,0,0
0.208333333,0,0
0.25,0,0
0.291666667,0,0
0.333333333,0,0
0.375,0,0
0.416666667,0,0
0.458333333,0,0
0.5,0,0
0.541666667,0,0
0.583333333,0,0
0.625,0,0
0.666666667,0,0
0.708333333,0,0
0.75,0.046188329,0
0.791666667,0,0
0.833333333,0,0
0.875,0,0
0.916666667,0,0
0.958333333,0,0
1,0,0
0.041666667,0,0
0.083333333,0,0
0.125,0,0
0.166666667,0,0
0.208333333,0,0
0.25,0,0
0.291666667,0,0
0.333333333,0,0
0.375,0,0
0.416666667,0,0
0.458333333,0,0
0.5,0,0
0.541666667,0,0
0.583333333,0,0
0.625,0.560813891,1
0.666666667,0.030753968,0
0.708333333,0,0
0.75,0,0
0.791666667,0,0
0.833333333,0,0
0.875,0,0
0.916666667,0,0
0.958333333,0,0
1,0,0
0.041666667,0,0
0.083333333,0,0
0.125,0,0
0.166666667,0,0
0.208333333,0,0
0.25,0,0
0.291666667,0,0
0.333333333,0,0
0.375,0,0
0.416666667,0,0
0.458333333,0,0
0.5,0,0
0.541666667,0,0
0.583333333,0,0
0.625,0.017454955,0
0.666666667,0,0
0.708333333,0.560813891,1
0.75,0.015752033,0
0.791666667,0,0
0.833333333,0,0
0.875,0,0
0.916666667,0,0
0.958333333,0,0
1,0,0
0.041666667,0,0
0.083333333,0,0
0.125,0,0
0.166666667,0,0
0.208333333,0,0
0.25,0,0
0.291666667,0,0
0.333333333,0,0
0.375,0,0
0.416666667,0,0
0.458333333,0,0
0.5,0,0
0.541666667,0,0
0.583333333,0,0
0.625,0.093937731,0
0.666666667,0.017454955,0
0.708333333,0,0
0.75,0,0
0.791666667,0,0
0.833333333,0,0
0.875,0,0
0.916666667,0,0
0.958333333,0,0
1,0,0
0.041666667,0,0
0.083333333,0,0
0.125,0,0
0.166666667,0,0
0.208333333,0,0
0.25,0,0
0.291666667,0,0
0.333333333,0,0
0.375,0,0
0.416666667,0,0
0.458333333,0,0
0.5,0,0
0.541666667,0,0
0.583333333,0,0
0.625,0,0
0.666666667,0.093937731,0
0.708333333,0.065858021,0
0.75,0,0
0.791666667,0,0
0.833333333,0,0
0.875,0,0
0.916666667,0,0
0.958333333,0,0
1,0,0
0.041666667,0,0
0.083333333,0,0
0.125,0,0
0.166666667,0,0
0.208333333,0,0
0.25,0,0
0.291666667,0,0
0.333333333,0,0
0.375,0,0
0.416666667,0,0
0.458333333,0,0
0.5,0,0
0.541666667,0,0
0.583333333,0,0
0.625,0,0
0.666666667,0,0
0.708333333,0.093937731,0
0.75,0.065858021,0
0.791666667,0,0
0.833333333,0,0
0.875,0,0
0.916666667,0,0
0.958333333,0,0
1,0,0
0.041666667,0,0
0.083333333,0,0
0.125,0,0
0.166666667,0,0
0.208333333,0,0
0.25,0,0
0.291666667,0,0
0.333333333,0,0
0.375,0,0
0.416666667,0,0
0.458333333,0,0
0.5,0,0
0.541666667,0,0
0.583333333,0,0
0.625,0,0
0.708333333,0,0
0.75,0.093937731,0
0.791666667,0,0
0.833333333,0,0
0.875,0,0
0.916666667,0,0
0.958333333,0,0
1,0,0
0.041666667,0,0
0.083333333,0,0
0.125,0,0
0.166666667,0,0
0.208333333,0,0
0.25,0,0
0.291666667,0,0
0.333333333,0,0
0.375,0,0
0.416666667,0,0
0.458333333,0,0
0.5,0,0
0.541666667,0,0
0.583333333,0,0
0.625,0,0
0.666666667,0,0
0.708333333,0,0
0.75,0,0
0.791666667,0,0
0.833333333,0,0
0.875,0,0
0.916666667,0,0
0.958333333,0,0
0.083333333,0,0
0.125,0,0
0.166666667,0,0
0.208333333,0,0
0.25,0,0
0.291666667,0,0
0.333333333,0,0
0.375,0,0
0.416666667,0,0
0.458333333,0,0
0.5,0,0
0.541666667,0,0
0.583333333,0,0
0.625,0,0
0.666666667,0,0
0.708333333,0,0
0.75,0,0
0.791666667,0,0
0.833333333,0,0
0.875,0,0
0.916666667,0,0
0.958333333,0,0
1,0,0
0.041666667,0,0
0.083333333,0,0
0.125,0,0
0.166666667,0,0
0.208333333,0,0
0.25,0,0
0.291666667,0,0
0.333333333,0,0
0.375,0,0
0.416666667,0,0
0.458333333,0,0
0.5,0,0
0.541666667,0,0
0.583333333,0,0
0.625,0,0
0.666666667,0,0
0.708333333,0,0
0.75,0,0
0.791666667,0,0
0.833333333,0,0
0.875,0,0
0.916666667,0,0
0.958333333,0,0
1,0,0
0.041666667,0,0
0.083333333,0,0
0.125,0,0
0.166666667,0,0
0.208333333,0,0
0.25,0,0
0.291666667,0,0
0.333333333,0,0
0.375,0,0
0.416666667,0,0
0.458333333,0,0
0.5,0,0
0.541666667,0,0
0.583333333,0,0
0.625,0,0
0.666666667,0,0
0.708333333,0,0
0.75,0,0
0.791666667,0,0
0.833333333,0,0
0.875,0,0
0.916666667,0,0
0.958333333,0,0
1,0,0
0.041666667,0,0
0.083333333,0,0
0.125,0,0
0.166666667,0,0
0.208333333,0,0
0.25,0,0
0.291666667,0,0
0.333333333,0,0
0.375,0,0
0.416666667,0,0
0.458333333,0,0
0.5,0,0
0.541666667,0.018995098,0
0.583333333,0,0
0.625,0,0
0.666666667,0.015752033,0
0.708333333,0,0
0.75,0,0
0.791666667,0,0
0.833333333,0,0
0.875,0,0
0.916666667,0,0
0.958333333,0,0
1,0,0
0.041666667,0,0
0.083333333,0,0
0.125,0,0
0.166666667,0,0
0.208333333,0,0
0.25,0,0
0.291666667,0,0
0.333333333,0,0
0.375,0,0
0.416666667,0,0
0.458333333,0,0
0.5,0,0
0.541666667,0,0
0.583333333,0.018995098,0
0.625,0.560813891,1
0.666666667,0.036274221,0
0.708333333,0.015752033,0
0.75,0,0
0.791666667,0,0
0.833333333,0,0
0.875,0,0
0.916666667,0,0
0.958333333,0,0
1,0,0
0.041666667,0,0
0.083333333,0,0
0.125,0,0
0.166666667,0,0
0.208333333,0,0
0.25,0,0
0.291666667,0,0
0.333333333,0,0
0.375,0,0
0.416666667,0,0
0.458333333,0,0
0.5,0,0
0.541666667,0,0
0.583333333,0,0
0.625,0.038412851,0
0.666666667,0,0
0.708333333,0,0
0.75,0,0
0.791666667,0,0
0.833333333,0,0
0.875,0,0
0.916666667,0,0
0.958333333,0,0
1,0,0
0.041666667,0,0
0.083333333,0,0
0.125,0,0
0.166666667,0,0
0.208333333,0,0
0.25,0,0
0.291666667,0,0
0.333333333,0,0
0.375,0,0
0.416666667,0,0
0.458333333,0,0
0.5,0,0
0.541666667,0,0
0.583333333,0,0
0.625,0.098605667,0
0.666666667,0.198916737,0
0.708333333,0,0
0.75,0,0
0.791666667,0,0
0.833333333,0,0
0.875,0,0
0.916666667,0,0
0.958333333,0,0
1,0,0
0.041666667,0,0
0.083333333,0,0
0.125,0,0
0.166666667,0,0
0.208333333,0,0
0.25,0,0
0.291666667,0,0
0.333333333,0,0
0.375,0,0
0.416666667,0,0
0.458333333,0,0
0.5,0,0
0.541666667,0,0
0.583333333,0,0
0.625,0.098605667,0
0.666666667,0.310731086,0
0.708333333,0,0
0.75,0,0
0.791666667,0,0
0.833333333,0,0
0.875,0,0
0.916666667,0,0
0.958333333,0,0
1,0,0
0.041666667,0,0
0.083333333,0,0
0.125,0,0
0.166666667,0,0
0.208333333,0,0
0.25,0,0
0.291666667,0,0
0.333333333,0,0
0.375,0,0
0.416666667,0,0
0.458333333,0,0
0.5,0,0
0.541666667,0,0
0.583333333,0,0
0.625,0.098605667,0
0.666666667,0.031504065,0
0.708333333,0,0
0.75,0,0
0.791666667,0,0
0.833333333,0,0
0.875,0,0
0.916666667,0,0
0.958333333,0,0
1,0,0
0.041666667,0,0
0.083333333,0,0
0.125,0,0
0.166666667,0,0
0.208333333,0,0
0.25,0,0
0.291666667,0,0
0.333333333,0,0
0.375,0,0
0.416666667,0,0
0.458333333,0,0
0.5,0,0
0.541666667,0,0
0.583333333,0,0
0.625,0.068274861,0
0.666666667,0,0
0.708333333,0.015752033,0
0.75,0.015752033,0
0.791666667,0,0
0.833333333,0,0
0.875,0,0
0.916666667,0,0
1,0,0
0.041666667,0,0
0.083333333,0,0
0.125,0,0
0.166666667,0,0
0.208333333,0,0
0.25,0,0
0.291666667,0,0
0.333333333,0,0
0.375,0,0
0.416666667,0,0
0.458333333,0,0
0.5,0,0
0.541666667,0,0
0.583333333,0,0
0.625,0.068274861,0
0.666666667,0.146956826,0
0.708333333,0.098605667,0
0.75,0.247267896,0
0.791666667,0,0
0.833333333,0,0
0.875,0,0
0.916666667,0,0
0.958333333,0,0
1,0,0
0.041666667,0,0
0.083333333,0,0
0.125,0,0
0.166666667,0,0
0.208333333,0,0
0.25,0,0
0.291666667,0,0
0.333333333,0,0
0.375,0,0
0.416666667,0,0
0.458333333,0,0
0.5,0,0
0.541666667,0,0
0.583333333,0,0
0.625,0.022660819,0
0.666666667,0.560813891,1
0.708333333,0.018995098,0
0.75,0.354180984,0
0.791666667,0,0
0.833333333,0,0
0.875,0,0
0.916666667,0,0
0.958333333,0,0
1,0,0
0.041666667,0,0
0.083333333,0,0
0.125,0,0
0.166666667,0,0
0.208333333,0,0
0.25,0,0
0.291666667,0,0
0.333333333,0,0
0.375,0,0
0.416666667,0,0
0.458333333,0,0
0.5,0,0
0.541666667,0,0
0.583333333,0,0
0.625,0,0
0.666666667,0.068274861,0
0.708333333,0.067398164,0
0.75,0.018995098,0
0.791666667,0,0
0.833333333,0,0
0.875,0,0
0.916666667,0,0
0.958333333,0,0
1,0,0
0.041666667,0,0
0.083333333,0,0
0.125,0,0
0.166666667,0,0
0.208333333,0,0
0.25,0,0
0.291666667,0,0
0.333333333,0,0
0.375,0,0
0.416666667,0,0
0.458333333,0,0
0.5,0,0
0.541666667,0,0
0.583333333,0,0
0.625,0,0
0.666666667,0,0
0.708333333,0,0
0.75,0.358429888,0
0.791666667,0,0
0.833333333,0,0
0.875,0,0
0.916666667,0,0
0.958333333,0,0
1,0,0
0.041666667,0,0
0.083333333,0,0
0.125,0,0
0.166666667,0,0
0.208333333,0,0
0.25,0,0
0.291666667,0,0
0.333333333,0,0
0.375,0,0
0.416666667,0,0
0.458333333,0,0
0.5,0,0
0.541666667,0,0
0.583333333,0,0
0.625,0,0
0.666666667,0.038412851,0
0.708333333,0.038412851,0
0.75,0.098605667,0
0.791666667,0,0
0.833333333,0,0
0.875,0,0
0.916666667,0,0
0.958333333,0,0
1,0,0
0.041666667,0,0
0.083333333,0,0
0.125,0,0
0.166666667,0,0
0.208333333,0,0
0.25,0,0
0.291666667,0,0
0.333333333,0,0
0.375,0,0
0.416666667,0,0
0.458333333,0,0
0.5,0,0
0.541666667,0,0
0.583333333,0,0
0.625,0,0
0.666666667,0,0
0.708333333,0.077849626,0
0.75,0,0
0.791666667,0,0
0.833333333,0,0
0.875,0,0
0.916666667,0,0
0.958333333,0,0
1,0,0
0.041666667,0,0
0.083333333,0,0
0.125,0,0
0.166666667,0,0
0.208333333,0,0
0.25,0,0
0.291666667,0,0
0.333333333,0,0
0.375,0,0
0.416666667,0,0
0.458333333,0,0
0.5,0,0
0.541666667,0,0
0.583333333,0,0
0.625,0,0
0.666666667,0,0
0.708333333,0,0
0.75,0,0
0.791666667,0,0
0.833333333,0,0
0.875,0,0
0.916666667,0,0
0.958333333,0,0
1,0,0
0.041666667,0,0
0.083333333,0,0
0.125,0,0
0.166666667,0,0
0.208333333,0,0
0.25,0,0
0.291666667,0,0
0.333333333,0,0
0.375,0,0
0.416666667,0,0
0.458333333,0,0
0.5,0,0
0.541666667,0,0
0.583333333,0,0
0.625,0,0
0.666666667,0,0
0.708333333,0,0
0.75,0,0
0.791666667,0,0
0.833333333,0,0
0.875,0,0
0.916666667,0,0
0.958333333,0,0
1,0,0
0.041666667,0,0
0.083333333,0,0
0.125,0,0
0.166666667,0,0
0.208333333,0,0
0.25,0,0
0.291666667,0,0
0.333333333,0,0
0.375,0,0
0.416666667,0,0
0.458333333,0,0
0.5,0,0
0.541666667,0,0
0.583333333,0,0
0.625,0.018995098,0
0.666666667,0,0
0.708333333,0,0
0.75,0,0
0.791666667,0,0
0.833333333,0,0
0.875,0,0
0.916666667,0,0
0.958333333,0,0
1,0,0
0.041666667,0,0
0.083333333,0,0
0.125,0,0
0.166666667,0,0
0.208333333,0,0
0.25,0,0
0.291666667,0,0
0.333333333,0,0
0.375,0,0
0.416666667,0,0
0.458333333,0,0
0.5,0,0
0.541666667,0,0
0.583333333,0,0
0.625,0.054164884,0
0.666666667,0,0
0.708333333,0,0
0.75,0,0
0.791666667,0,0
0.833333333,0,0
0.875,0,0
0.916666667,0,0
0.958333333,0,0
1,0,0
0.041666667,0,0
0.083333333,0,0
0.125,0,0
0.166666667,0,0
0.208333333,0,0
0.25,0,0
0.291666667,0,0
0.333333333,0,0
0.375,0,0
0.416666667,0,0
0.458333333,0,0
0.5,0,0
0.541666667,0,0
0.583333333,0,0
0.625,0.050499163,0
0.666666667,0.054164884,0
0.708333333,0,0
0.75,0,0
0.791666667,0,0
0.833333333,0,0
0.875,0,0
0.916666667,0,0
0.958333333,0,0
1,0,0
0.041666667,0,0
0.083333333,0,0
0.125,0,0
0.166666667,0,0
0.208333333,0,0
0.25,0,0
0.291666667,0,0
0.333333333,0,0
0.375,0,0
0.416666667,0,0
0.458333333,0,0
0.5,0,0
0.541666667,0,0
0.583333333,0,0
0.625,0.560813891,1
0.666666667,0.167133793,0
0.708333333,0.015752033,0
0.75,0,0
0.791666667,0,0
0.833333333,0,0
0.875,0,0
0.916666667,0,0
0.958333333,0,0
1,0,0
0.041666667,0,0
0.083333333,0,0
0.375,0,0
0.416666667,0,0
0.458333333,0,0
0.5,0,0
0.541666667,0,0
0.583333333,0,0
0.625,0.101133778,0
0.666666667,0,0
0.708333333,0,0
0.75,0.031504065,0
0.791666667,0,0
0.833333333,0,0
0.875,0,0
0.916666667,0,0
0.958333333,0,0
1,0,0
0.041666667,0,0
0.083333333,0,0
0.125,0,0
0.166666667,0,0
0.208333333,0,0
0.25,0,0
0.291666667,0,0
0.333333333,0,0
0.375,0,0
0.416666667,0,0
0.458333333,0,0
0.5,0,0
0.541666667,0,0
0.583333333,0,0
0.625,0.086650964,0
0.666666667,0.129837481,0
0.708333333,0,0
0.75,0.268069331,0
0.791666667,0,0
0.833333333,0,0
0.875,0,0
0.916666667,0,0
0.958333333,0,0
1,0,0
0.041666667,0,0
0.083333333,0,0
0.125,0,0
0.166666667,0,0
0.208333333,0,0
0.25,0,0
0.291666667,0,0
0.333333333,0,0
0.375,0,0
0.416666667,0,0
0.458333333,0,0
0.5,0,0
0.541666667,0,0
0.583333333,0,0
0.625,0.022660819,0
0.666666667,0.310731086,0
0.708333333,0,0
0.75,0.034450569,0
0.791666667,0,0
0.833333333,0,0
0.875,0,0
0.916666667,0,0
0.958333333,0,0
1,0,0
0.041666667,0,0
0.083333333,0,0
0.125,0,0
0.166666667,0,0
0.208333333,0,0
0.25,0,0
0.291666667,0,0
0.333333333,0,0
0.375,0,0
0.416666667,0,0
0.458333333,0,0
0.5,0,0
0.541666667,0,0
0.583333333,0,0
0.625,0.099874843,0
0.666666667,0.035067873,0
0.708333333,0.329726184,0
0.75,0.560813891,1
0.791666667,0,0
0.833333333,0,0
0.875,0,0
0.916666667,0,0
0.958333333,0,0
1,0,0
0.041666667,0,0
0.083333333,0,0
0.125,0,0
0.166666667,0,0
0.208333333,0,0
0.25,0,0
0.291666667,0,0
0.333333333,0,0
0.375,0,0
0.416666667,0,0
0.458333333,0,0
0.5,0,0
0.541666667,0,0
0.583333333,0,0
0.625,0,0
0.666666667,0.560813891,1
0.708333333,0.154863039,0
0.75,0.560813891,1
0.791666667,0,0
0.833333333,0,0
0.875,0,0
0.916666667,0,0
0.958333333,0,0
1,0,0
0.041666667,0,0
0.083333333,0,0
0.125,0,0
0.166666667,0,0
0.208333333,0,0
0.25,0,0
0.291666667,0,0
0.333333333,0,0
0.375,0,0
0.416666667,0,0
0.458333333,0,0
0.5,0,0
0.541666667,0,0
0.583333333,0,0
0.625,0,0
0.666666667,0.018995098,0
0.708333333,0,0
0.75,0.071342094,0
0.791666667,0,0
0.833333333,0,0
0.875,0,0
0.916666667,0,0
0.958333333,0,0
1,0,0
0.041666667,0,0
0.083333333,0,0
0.125,0,0
0.166666667,0,0
0.208333333,0,0
0.25,0,0
0.291666667,0,0
0.333333333,0,0
0.375,0,0
0.416666667,0,0
0.458333333,0,0
0.5,0,0
0.541666667,0,0
0.583333333,0,0
0.625,0,0
0.666666667,0,0
0.708333333,0,0
0.75,0.022660819,0
0.791666667,0,0
0.833333333,0,0
0.875,0,0
0.916666667,0,0
0.958333333,0,0
1,0,0
